,tp,tn,fp,fn,iou,recall,precision
unet_model_01_0_metrics,6578.0,326809561.0,339269.0,304.0,0.019003267360198296,0.9558267945364719,0.019019971258967115
